Date,Type,Competitor,Feature,Category,Confidence,Sentiment,Rating,Source,Link,Notes,Alert
29.Sep.2026,Confirmed,Starbucks,Quick reorder functionality allowing users to place their same order again repeatedly,Ordering flow,Confirmed,,,App Store reviews,,Direct competitive feature to BK's ordering efficiency; Starbucks emphasizes frictionless repeat ordering which could influence user retention,Yes
29.Sep.2026,Confirmed,Starbucks,Order tracking capability that shows real-time status of mobile orders,Ordering flow,Confirmed,,,App Store reviews,,User mentions tracking orders as a new feature; transparency in order status is important for mobile-first QSR apps,Yes
29.Sep.2026,Confirmed,Starbucks,Biometric authentication support (fingerprint/face recognition) for app login and security,Navigation/UI,Confirmed,,,App Store reviews,,"Security feature that users expect; one user noted biometric is not working as expected, indicating it's a recent or recently broken feature",
28.Sep.2026,Confirmed,McDonald's,Browser-based ordering capability with forced app download requirement at checkout,Ordering flow,Confirmed,,,App Store reviews,,McDonald's implemented a hybrid web/app ordering system that forces app download partway through checkout; competitive concern for BK regarding friction in conversion funnel,Yes
28.Sep.2026,Confirmed,McDonald's,Precise location requirement for rewards redemption and visibility,Personalization,Confirmed,,,App Store reviews,,McDonald's now requires precise location always-on to display and redeem rewards; privacy friction point that BK should monitor,Yes
28.Sep.2026,Confirmed,McDonald's,Background location tracking persistence after order completion,Other,Confirmed,,,App Store reviews,,App continues tracking user location in background even after pickup; multiple reports of tracking continuing until app force-close; privacy/trust issue,Yes
28.Sep.2026,Confirmed,McDonald's,Email-based authorization for password reset instead of traditional password entry,Checkout,Confirmed,,,App Store reviews,,Switched to email-based auth that breaks with password managers and ad blockers; usability regression flagged by users,
28.Sep.2026,Confirmed,Wendy's,Multiple payment card storage capability,Checkout,Confirmed,,,App Store reviews,,Wendy's lacks multi-card storage while competitors offer it; user explicitly notes other fast food apps allow 2+ cards,
28.Sep.2026,Confirmed,Wendy's,"Customizable drink customization (ice level control, sauce selection)",Ordering flow,Confirmed,,,App Store reviews,,Users request no-ice option and multi-sauce selection per item; indicates competitor is lacking on drink customization depth,
28.Sep.2026,Confirmed,Domino's,Order history and previous order recreation from transaction history,Ordering flow,Confirmed,,,App Store reviews,,Domino's new app removed order history/email order records; user explicitly notes lack of transaction history compared to old version,Yes
28.Sep.2026,Confirmed,Domino's,Address book management with old address deletion and default address override,Navigation/UI,Confirmed,,,App Store reviews,,New Domino's app removed ability to delete old addresses and manage address book; frustration with defaulting to wrong addresses,Yes
28.Sep.2026,Confirmed,Domino's,Automatic delivery method conversion (carside to carry-out and vice versa),Ordering flow,Confirmed,,,App Store reviews,,App automatically changes selected delivery method (carside to in-store) without user action; critical UX bug affecting order fulfillment,Yes
28.Sep.2026,Confirmed,Domino's,Push notification control with persistent promotional ads despite opt-out,Navigation/UI,Confirmed,,,App Store reviews,,App sends promotional notifications regardless of user settings; resets notification permissions on update; user data control issue,
28.Sep.2026,Confirmed,Dominos,App now allows saving multiple payment cards to account for faster checkout,Checkout,Confirmed,,,App Store reviews,,User requests ability to save more than 2 payment cards; indicates current limitation is competitive weakness vs BK's payment flexibility,Yes
